{"stats":{"minecraft:custom":{"minecraft:time_since_rest":32831,"minecraft:sprint_one_cm":5900,"minecraft:walk_one_cm":98796,"minecraft:mob_kills":1,"minecraft:drop":4,"minecraft:damage_dealt":133,"minecraft:talked_to_villager":1,"minecraft:fly_one_cm":245644,"minecraft:crouch_one_cm":5150,"minecraft:play_one_minute":71497,"minecraft:deaths":1,"minecraft:sneak_time":2876,"minecraft:walk_under_water_one_cm":3147,"minecraft:jump":127,"minecraft:leave_game":7,"minecraft:walk_on_water_one_cm":856,"minecraft:time_since_death":32808,"minecraft:inspect_dispenser":2},"minecraft:picked_up":{"minecraft:sandstone":81,"minecraft:torch":1,"minecraft:fire_charge":96,"minecraft:stone_button":1,"minecraft:ocelot_spawn_egg":1,"minecraft:firework_rocket":1,"minecraft:sign":2,"minecraft:dispenser":1,"minecraft:tropical_fish":1,"minecraft:kelp":3,"minecraft:redstone_torch":3,"minecraft:green_wool":1,"minecraft:cod":1},"minecraft:dropped":{"minecraft:stone_button":2,"minecraft:tropical_fish":1,"minecraft:cod":1},"minecraft:used":{"minecraft:redstone_torch":40,"minecraft:firework_rocket":34,"minecraft:command_block":16,"minecraft:iron_block":29,"minecraft:dispenser":1,"minecraft:redstone":13,"minecraft:stone_button":11,"minecraft:sign":7,"minecraft:sandstone":438,"minecraft:white_wool":25,"minecraft:ocelot_spawn_egg":21,"minecraft:torch":10,"minecraft:fire_charge":56,"minecraft:repeater":10,"minecraft:birch_pressure_plate":2,"minecraft:tnt":159,"minecraft:stone_pressure_plate":1},"minecraft:mined":{"minecraft:oak_leaves":1}},"DataVersion":1631}