{"stats":{"minecraft:killed":{"minecraft:villager":2},"minecraft:custom":{"minecraft:time_since_rest":58295,"minecraft:open_chest":2,"minecraft:crouch_one_cm":1574,"minecraft:play_one_minute":58295,"minecraft:sprint_one_cm":6204,"minecraft:walk_one_cm":41242,"minecraft:sneak_time":1638,"minecraft:mob_kills":2,"minecraft:drop":4,"minecraft:jump":122,"minecraft:damage_dealt":410,"minecraft:leave_game":5,"minecraft:time_since_death":58295,"minecraft:fly_one_cm":406410},"minecraft:picked_up":{"minecraft:sandstone":6,"minecraft:brown_wool":1,"minecraft:green_wool":2,"minecraft:black_wool":2,"minecraft:white_wool":3},"minecraft:dropped":{"minecraft:white_wool":1,"minecraft:brown_wool":1,"minecraft:green_wool":2},"minecraft:used":{"minecraft:white_wool":369,"minecraft:diamond_sword":6,"minecraft:black_wool":199,"minecraft:red_wool":20,"minecraft:brown_wool":311,"minecraft:green_wool":313,"minecraft:blue_wool":34,"minecraft:chest":2},"minecraft:mined":{"minecraft:red_bed":1}},"DataVersion":1631}