{"stats":{"minecraft:custom":{"minecraft:time_since_rest":26732,"minecraft:sprint_one_cm":12768,"minecraft:damage_taken":290,"minecraft:walk_one_cm":54130,"minecraft:drop":10,"minecraft:fly_one_cm":373437,"minecraft:open_chest":1,"minecraft:crouch_one_cm":531,"minecraft:play_one_minute":61193,"minecraft:deaths":3,"minecraft:sneak_time":458,"minecraft:walk_under_water_one_cm":2483,"minecraft:aviate_one_cm":5435632,"minecraft:jump":163,"minecraft:leave_game":6,"minecraft:walk_on_water_one_cm":1868,"minecraft:time_since_death":26696,"minecraft:fall_one_cm":391},"minecraft:picked_up":{"minecraft:seagrass":1,"minecraft:sandstone":7,"minecraft:water_bucket":1,"minecraft:red_wool":1,"minecraft:dark_oak_log":1,"minecraft:elytra":1,"minecraft:firework_rocket":65,"minecraft:glass_pane":1,"minecraft:red_sand":1,"minecraft:green_wool":1},"minecraft:used":{"minecraft:water_bucket":34,"minecraft:diorite":4,"minecraft:firework_rocket":72,"minecraft:villager_spawn_egg":2,"minecraft:acacia_door":2,"minecraft:dark_oak_log":23,"minecraft:red_wool":29,"minecraft:carved_pumpkin":2,"minecraft:iron_block":9,"minecraft:grass_block":79,"minecraft:brown_wool":2,"minecraft:stone":24,"minecraft:white_wool":35,"minecraft:torch":1,"minecraft:red_bed":1,"minecraft:oak_sapling":2,"minecraft:glass_pane":21,"minecraft:kelp":9,"minecraft:acacia_planks":32,"minecraft:seagrass":3,"minecraft:bone_meal":35},"minecraft:dropped":{"minecraft:water_bucket":1,"minecraft:dark_oak_log":1,"minecraft:seagrass":1,"minecraft:lime_wool":1,"minecraft:red_sand":1,"minecraft:red_wool":1,"minecraft:glass_pane":1,"minecraft:green_wool":2,"minecraft:firework_rocket":1}},"DataVersion":1631}